btemp,bsal,bcond,ioutput,icond,Residual
22,0,0,2567.6,0,0
1,34.7997,2.97468,5024.13,2.9746,-0.00006
4.5,34.78,3.28164,5212.6,3.2817,0.00006
15,34.7379,4.26301,5773.32,4.2631,0.00004
18.5,34.729,4.60804,5957.64,4.608,-0.00002
24,34.7193,5.16579,6243.79,5.1657,-0.00006
29,34.7141,5.68746,6499.68,5.6875,0.00004
32.5,34.711,6.0597,6676.09,6.06,0.0003